                  epoch,         train/box_loss,         train/cls_loss,         train/dfl_loss,   metrics/precision(B),      metrics/recall(B),       metrics/mAP50(B),    metrics/mAP50-95(B),           val/box_loss,           val/cls_loss,           val/dfl_loss,                 lr/pg0,                 lr/pg1,                 lr/pg2
                      1,                 1.2782,                 1.5898,                 1.1828,                0.85628,                0.81039,                 0.8441,                0.51781,                  1.266,                0.92569,                 1.1574,              0.0033053,              0.0033053,              0.0033053
                      2,                 1.2914,                0.93045,                  1.168,                0.87815,                0.74037,                0.80855,                0.45409,                 1.3965,                0.99382,                 1.2755,              0.0066058,              0.0066058,              0.0066058
                      3,                  1.488,                  1.171,                  1.267,                0.37662,                0.63096,                0.48995,                0.22478,                 1.8479,                 11.952,                 2.1051,              0.0098733,              0.0098733,              0.0098733
                      4,                 1.6215,                  1.337,                 1.3672,                0.35673,                0.46151,                0.26735,                0.10659,                 2.1471,                 3.2961,                 1.9897,              0.0098515,              0.0098515,              0.0098515
                      5,                 1.5749,                 1.2483,                 1.3548,                0.73123,                0.74436,                0.72889,                0.39552,                 1.5252,                 1.7185,                 1.4276,               0.009802,               0.009802,               0.009802
                      6,                 1.5272,                 1.1714,                 1.3227,                0.76709,                0.75241,                0.78978,                0.41879,                 1.5155,                 1.4324,                 1.3759,              0.0097525,              0.0097525,              0.0097525
                      7,                 1.4665,                 1.1155,                 1.2834,                0.87083,                0.78203,                0.83611,                0.48765,                 1.4033,                 0.9643,                 1.3266,               0.009703,               0.009703,               0.009703
                      8,                 1.4175,                 1.0384,                 1.2651,                0.83411,                0.81364,                0.84928,                0.49852,                  1.354,                 1.0724,                 1.3039,              0.0096535,              0.0096535,              0.0096535
                      9,                 1.4143,                 1.0269,                 1.2604,                0.85564,                0.73076,                0.79668,                0.46152,                 1.4289,                 1.0604,                 1.3174,               0.009604,               0.009604,               0.009604
                     10,                 1.3821,                  1.011,                 1.2382,                0.89735,                0.82943,                0.86387,                0.52898,                 1.3031,                0.87824,                  1.248,              0.0095545,              0.0095545,              0.0095545
                     11,                 1.3626,                0.99505,                 1.2294,                 0.9295,                0.83223,                0.87389,                0.54418,                 1.2648,                0.80813,                  1.236,               0.009505,               0.009505,               0.009505
                     12,                 1.3548,                0.96264,                 1.2239,                0.87452,                0.77108,                0.82147,                0.48225,                 1.3574,                 1.0167,                 1.2797,              0.0094555,              0.0094555,              0.0094555
                     13,                 1.3413,                0.93477,                  1.215,                0.93216,                0.83546,                0.87655,                 0.5467,                 1.2597,                0.76508,                 1.2161,               0.009406,               0.009406,               0.009406
                     14,                 1.3247,                0.92494,                 1.2064,                0.92906,                0.82526,                0.87372,                0.54046,                 1.2585,                0.80204,                  1.211,              0.0093565,              0.0093565,              0.0093565
                     15,                 1.3009,                0.89406,                 1.2014,                0.93059,                0.85171,                0.88833,                0.54965,                 1.2368,                0.76614,                 1.1974,               0.009307,               0.009307,               0.009307
                     16,                 1.2667,                0.85275,                 1.1751,                0.92359,                0.84794,                0.87904,                0.55616,                 1.2254,                0.74832,                  1.194,              0.0092575,              0.0092575,              0.0092575
                     17,                 1.2795,                0.87045,                 1.1804,                0.94531,                0.85428,                0.89438,                0.55764,                 1.2045,                0.72249,                 1.1737,               0.009208,               0.009208,               0.009208
                     18,                  1.257,                0.85556,                 1.1652,                0.95589,                0.85408,                0.89698,                0.57677,                 1.1839,                0.69014,                 1.1576,              0.0091585,              0.0091585,              0.0091585
                     19,                 1.2478,                0.83352,                 1.1706,                0.93542,                0.82691,                 0.8788,                0.55962,                 1.2149,                0.73338,                 1.1904,               0.009109,               0.009109,               0.009109
                     20,                 1.2468,                0.84527,                 1.1645,                0.94623,                0.86156,                 0.9005,                0.57453,                 1.2006,                0.69139,                 1.1571,              0.0090595,              0.0090595,              0.0090595
                     21,                 1.2315,                0.82117,                 1.1635,                0.93432,                0.85384,                0.88516,                0.57399,                 1.1833,                0.69529,                 1.1604,                0.00901,                0.00901,                0.00901
                     22,                 1.2331,                0.82411,                  1.156,                 0.9464,                0.85394,                0.89673,                0.57925,                 1.1605,                0.67438,                 1.1473,              0.0089605,              0.0089605,              0.0089605
                     23,                 1.2186,                0.80063,                  1.153,                0.94044,                 0.8427,                0.88636,                0.56439,                 1.1875,                0.72051,                 1.1646,               0.008911,               0.008911,               0.008911
                     24,                 1.2111,                0.79278,                 1.1481,                0.94717,                0.84594,                0.89631,                0.58519,                 1.1371,                0.65936,                 1.1467,              0.0088615,              0.0088615,              0.0088615
                     25,                 1.1936,                0.78142,                 1.1358,                0.95777,                0.86113,                0.90441,                0.58968,                 1.1417,                0.64754,                 1.1318,               0.008812,               0.008812,               0.008812
                     26,                 1.1943,                0.77635,                  1.138,                0.95186,                0.86513,                 0.9036,                0.59346,                 1.1498,                0.65985,                 1.1331,              0.0087625,              0.0087625,              0.0087625
                     27,                 1.1925,                0.77655,                 1.1313,                0.95907,                0.85319,                0.90348,                0.59534,                 1.1354,                0.64205,                 1.1251,               0.008713,               0.008713,               0.008713
                     28,                 1.1817,                0.76966,                   1.13,                0.94937,                0.86593,                0.90423,                0.59418,                 1.1282,                0.63884,                 1.1083,              0.0086635,              0.0086635,              0.0086635
                     29,                 1.1796,                0.76791,                 1.1458,                0.94322,                0.87071,                0.90495,                 0.5962,                 1.1261,                0.62951,                 1.1368,               0.008614,               0.008614,               0.008614
                     30,                 1.1741,                 0.7586,                 1.1256,                 0.9565,                0.86461,                 0.9048,                0.58947,                 1.1313,                0.63118,                 1.1317,              0.0085645,              0.0085645,              0.0085645
                     31,                 1.1632,                0.74268,                 1.1213,                0.95933,                0.87246,                0.90855,                 0.6068,                 1.1062,                0.61374,                 1.1142,               0.008515,               0.008515,               0.008515
                     32,                 1.1583,                0.74808,                 1.1231,                0.95124,                0.87719,                0.90722,                0.59665,                 1.1291,                0.61442,                 1.1255,              0.0084655,              0.0084655,              0.0084655
                     33,                 1.1558,                 0.7552,                 1.1206,                0.95999,                0.86419,                0.90619,                0.60925,                 1.0995,                0.61898,                 1.1096,               0.008416,               0.008416,               0.008416
                     34,                 1.1447,                0.73144,                 1.1053,                0.95962,                0.86501,                0.90924,                0.60496,                 1.1101,                0.61435,                 1.1099,              0.0083665,              0.0083665,              0.0083665
                     35,                 1.1447,                0.73815,                 1.1132,                0.96328,                0.87112,                 0.9102,                0.60876,                 1.0987,                 0.6096,                  1.117,               0.008317,               0.008317,               0.008317
                     36,                 1.1361,                0.72621,                 1.1074,                0.95735,                 0.8721,                0.91253,                 0.6143,                 1.0943,                 0.5846,                  1.104,              0.0082675,              0.0082675,              0.0082675
                     37,                  1.132,                0.71229,                 1.1015,                0.96649,                0.87407,                0.91194,                0.60337,                 1.0986,                0.59058,                 1.1113,               0.008218,               0.008218,               0.008218
                     38,                 1.1296,                0.72298,                 1.1105,                0.96172,                0.87056,                0.91497,                0.61366,                 1.1003,                0.59702,                 1.1053,              0.0081685,              0.0081685,              0.0081685
                     39,                 1.1218,                0.69228,                 1.1079,                0.96461,                 0.8679,                0.91169,                0.61141,                 1.0936,                 0.5892,                 1.1085,               0.008119,               0.008119,               0.008119
                     40,                 1.1196,                0.70898,                 1.0929,                0.96182,                0.87853,                0.91779,                0.61638,                 1.0887,                0.57488,                 1.0911,              0.0080695,              0.0080695,              0.0080695
                     41,                 1.1076,                0.69665,                 1.0917,                0.96116,                0.87672,                0.91458,                 0.6175,                 1.0747,                0.57503,                 1.0931,                0.00802,                0.00802,                0.00802
                     42,                 1.1054,                0.70017,                 1.0919,                0.94754,                 0.8749,                0.90928,                0.61642,                 1.0802,                0.57428,                 1.0992,              0.0079705,              0.0079705,              0.0079705
                     43,                 1.1043,                0.69881,                 1.0952,                0.95972,                0.87484,                0.91411,                 0.6194,                 1.0724,                0.57574,                 1.0942,               0.007921,               0.007921,               0.007921
                     44,                 1.1084,                0.69463,                 1.0942,                 0.9581,                0.87767,                0.91365,                0.61091,                 1.0915,                0.57311,                 1.0912,              0.0078715,              0.0078715,              0.0078715
                     45,                 1.0938,                0.68204,                 1.0872,                0.96756,                0.87201,                0.91781,                0.62489,                 1.0668,                0.56762,                  1.088,               0.007822,               0.007822,               0.007822
                     46,                 1.1163,                0.70422,                 1.1154,                  0.961,                0.88048,                0.91915,                0.62097,                 1.0688,                0.55407,                 1.0871,              0.0077725,              0.0077725,              0.0077725
                     47,                 1.0772,                0.67355,                 1.0796,                0.96744,                0.87106,                 0.9169,                0.62082,                 1.0753,                0.55688,                  1.084,               0.007723,               0.007723,               0.007723
                     48,                 1.0759,                0.66783,                 1.0791,                0.95731,                 0.8821,                0.91852,                0.62185,                 1.0661,                0.55386,                 1.0881,              0.0076735,              0.0076735,              0.0076735
                     49,                 1.0779,                0.67409,                 1.0803,                0.95481,                 0.8864,                0.92117,                0.62328,                 1.0671,                0.56028,                 1.0893,               0.007624,               0.007624,               0.007624
                     50,                 1.0774,                0.66535,                 1.0754,                0.96939,                0.88423,                0.92622,                 0.6317,                 1.0525,                0.54006,                 1.0755,              0.0075745,              0.0075745,              0.0075745
                     51,                 1.0717,                0.65146,                 1.0692,                0.96911,                0.88044,                 0.9222,                0.62301,                 1.0651,                0.54198,                 1.0819,               0.007525,               0.007525,               0.007525
                     52,                 1.0782,                0.66362,                 1.0723,                0.96881,                0.88055,                 0.9188,                0.62864,                 1.0525,                0.54718,                 1.0773,              0.0074755,              0.0074755,              0.0074755
                     53,                 1.0547,                0.65077,                 1.0725,                0.96355,                0.88253,                0.91809,                0.62414,                 1.0565,                0.54235,                 1.0737,               0.007426,               0.007426,               0.007426
                     54,                 1.0588,                0.65041,                 1.0609,                0.96253,                0.87974,                0.91746,                0.62921,                 1.0452,                0.54919,                 1.0689,              0.0073765,              0.0073765,              0.0073765
                     55,                 1.0636,                0.65263,                 1.0718,                0.95719,                0.88477,                0.91647,                0.63006,                  1.052,                0.54204,                 1.0801,               0.007327,               0.007327,               0.007327
                     56,                 1.0464,                0.63633,                  1.063,                 0.9656,                0.88678,                0.92366,                0.63088,                 1.0537,                0.53772,                 1.0726,              0.0072775,              0.0072775,              0.0072775
                     57,                 1.0465,                 0.6435,                 1.0657,                0.96318,                0.88355,                0.92451,                0.63087,                 1.0553,                 0.5333,                 1.0792,               0.007228,               0.007228,               0.007228
                     58,                 1.0509,                0.63829,                  1.066,                0.96229,                   0.89,                0.92311,                0.63499,                 1.0461,                0.52757,                 1.0774,              0.0071785,              0.0071785,              0.0071785
                     59,                 1.0424,                0.63686,                 1.0623,                0.96112,                0.89048,                0.92249,                0.63509,                 1.0429,                  0.527,                 1.0761,               0.007129,               0.007129,               0.007129
                     60,                 1.0428,                0.63643,                 1.0637,                0.95884,                0.89301,                  0.926,                0.63352,                 1.0447,                 0.5324,                 1.0707,              0.0070795,              0.0070795,              0.0070795
                     61,                 1.0511,                0.64378,                 1.0678,                0.97181,                0.88597,                0.92655,                0.63587,                 1.0346,                0.52528,                 1.0674,                0.00703,                0.00703,                0.00703
                     62,                 1.0313,                0.62952,                 1.0599,                0.95946,                 0.8909,                0.92922,                 0.6371,                 1.0425,                 0.5264,                 1.0701,              0.0069805,              0.0069805,              0.0069805
                     63,                 1.0258,                0.62488,                 1.0544,                  0.963,                0.88898,                0.92771,                0.64173,                 1.0352,                0.52078,                 1.0701,               0.006931,               0.006931,               0.006931
                     64,                 1.0364,                0.64786,                 1.0588,                0.96745,                0.88864,                0.92655,                0.63753,                 1.0392,                0.52356,                 1.0689,              0.0068815,              0.0068815,              0.0068815
                     65,                 1.0351,                 0.6272,                  1.054,                0.96727,                0.88258,                0.92803,                0.63512,                  1.048,                0.52337,                 1.0687,               0.006832,               0.006832,               0.006832
                     66,                  1.017,                0.61665,                 1.0514,                0.96107,                0.88965,                0.92746,                0.63768,                 1.0404,                 0.5166,                 1.0735,              0.0067825,              0.0067825,              0.0067825
                     67,                 1.0288,                0.61491,                  1.057,                0.96236,                  0.898,                0.92939,                0.63952,                 1.0307,                0.51582,                 1.0692,               0.006733,               0.006733,               0.006733
                     68,                 1.0195,                 0.6278,                 1.0515,                 0.9638,                0.88804,                0.92802,                0.63898,                 1.0297,                0.51401,                 1.0702,              0.0066835,              0.0066835,              0.0066835
                     69,                 1.0144,                 0.6151,                 1.0467,                0.95974,                   0.89,                0.92821,                0.64096,                 1.0298,                  0.515,                 1.0661,               0.006634,               0.006634,               0.006634
                     70,                 1.0323,                0.64271,                 1.0563,                0.96016,                0.89165,                0.92653,                0.63847,                 1.0327,                0.51218,                 1.0638,              0.0065845,              0.0065845,              0.0065845
                     71,                 1.0153,                0.60594,                 1.0472,                0.96579,                0.88766,                0.92684,                0.64208,                 1.0323,                0.51519,                 1.0691,               0.006535,               0.006535,               0.006535
                     72,                 1.0059,                0.59565,                 1.0405,                0.96977,                0.88554,                0.92859,                0.64251,                  1.028,                 0.5082,                 1.0661,              0.0064855,              0.0064855,              0.0064855
                     73,                 0.9998,                0.60738,                 1.0411,                0.97085,                0.88564,                0.92675,                0.64036,                 1.0229,                  0.505,                 1.0631,               0.006436,               0.006436,               0.006436
                     74,                0.99899,                0.60035,                 1.0394,                0.96526,                0.89302,                0.93059,                0.64143,                 1.0269,                0.50217,                 1.0657,              0.0063865,              0.0063865,              0.0063865
                     75,                0.98441,                0.59109,                 1.0325,                0.96017,                 0.8955,                0.93018,                0.64034,                  1.027,                0.49866,                 1.0678,               0.006337,               0.006337,               0.006337
                     76,                 1.0003,                0.60559,                 1.0402,                 0.9553,                 0.9009,                0.93074,                0.63999,                 1.0278,                0.50142,                 1.0697,              0.0062875,              0.0062875,              0.0062875
                     77,                0.99579,                0.59159,                 1.0448,                0.95871,                0.89577,                0.92555,                0.64189,                 1.0235,                 0.4939,                 1.0614,               0.006238,               0.006238,               0.006238
                     78,                0.98136,                 0.5815,                 1.0323,                0.95734,                0.89768,                0.93012,                0.64172,                 1.0275,                0.49833,                 1.0642,              0.0061885,              0.0061885,              0.0061885
                     79,                0.98361,                0.58225,                 1.0434,                0.97357,                0.88939,                0.92834,                0.64067,                 1.0265,                0.49561,                 1.0649,               0.006139,               0.006139,               0.006139
                     80,                0.97956,                0.57323,                 1.0316,                0.96188,                0.89456,                0.92744,                0.64192,                 1.0202,                0.49749,                 1.0595,              0.0060895,              0.0060895,              0.0060895
                     81,                0.96646,                0.57222,                 1.0297,                0.95871,                0.89788,                0.92615,                0.64315,                 1.0189,                0.49584,                 1.0565,                0.00604,                0.00604,                0.00604
                     82,                0.97237,                0.58391,                 1.0266,                0.96806,                0.89606,                0.92926,                0.64528,                 1.0183,                0.49423,                 1.0545,              0.0059905,              0.0059905,              0.0059905
                     83,                0.97503,                0.57582,                 1.0338,                0.96146,                0.90183,                0.93084,                 0.6464,                 1.0159,                0.49248,                 1.0557,               0.005941,               0.005941,               0.005941
                     84,                0.97288,                0.58511,                 1.0294,                0.96305,                0.89415,                 0.9312,                0.64545,                 1.0175,                0.49176,                 1.0593,              0.0058915,              0.0058915,              0.0058915
                     85,                0.96622,                0.58174,                 1.0264,                0.96902,                0.89054,                0.93194,                 0.6441,                  1.018,                0.49071,                 1.0596,               0.005842,               0.005842,               0.005842
                     86,                 0.9692,                0.57651,                 1.0342,                0.96644,                0.89504,                0.93041,                0.64378,                 1.0193,                0.49386,                 1.0573,              0.0057925,              0.0057925,              0.0057925
                     87,                0.95183,                0.56762,                  1.019,                0.96287,                0.89754,                0.93126,                0.64639,                 1.0167,                0.48834,                 1.0564,               0.005743,               0.005743,               0.005743
                     88,                0.96501,                 0.5642,                 1.0247,                0.96212,                0.89694,                0.93014,                0.64704,                 1.0138,                0.48572,                 1.0514,              0.0056935,              0.0056935,              0.0056935
                     89,                0.95454,                0.56967,                 1.0208,                0.96645,                0.89472,                0.93078,                0.64664,                  1.015,                0.48458,                 1.0522,               0.005644,               0.005644,               0.005644
                     90,                0.94802,                0.55661,                 1.0217,                0.96481,                0.89609,                 0.9309,                 0.6492,                 1.0112,                0.48366,                 1.0518,              0.0055945,              0.0055945,              0.0055945
                     91,                0.94513,                0.55117,                 1.0169,                0.96601,                0.89832,                0.93273,                0.64835,                 1.0123,                0.48572,                 1.0541,               0.005545,               0.005545,               0.005545
                     92,                0.94494,                0.55241,                 1.0147,                0.96295,                0.89597,                0.92993,                0.64888,                  1.012,                0.48576,                 1.0537,              0.0054955,              0.0054955,              0.0054955
                     93,                0.93787,                0.55689,                 1.0108,                0.96129,                0.89502,                0.92989,                0.64725,                 1.0124,                0.48641,                 1.0546,               0.005446,               0.005446,               0.005446
                     94,                0.92892,                0.55685,                 1.0086,                0.96398,                0.89862,                0.93076,                0.64864,                 1.0093,                0.48379,                  1.054,              0.0053965,              0.0053965,              0.0053965
                     95,                0.94127,                0.55288,                 1.0187,                0.96439,                0.89454,                0.93011,                0.64846,                 1.0082,                0.48503,                 1.0535,               0.005347,               0.005347,               0.005347
                     96,                0.93642,                0.55097,                 1.0122,                0.96305,                0.89906,                0.93169,                0.64648,                 1.0108,                0.48242,                 1.0539,              0.0052975,              0.0052975,              0.0052975
                     97,                0.94442,                0.55663,                 1.0111,                0.96811,                0.89524,                0.93306,                0.64768,                 1.0078,                0.47846,                 1.0546,               0.005248,               0.005248,               0.005248
                     98,                0.93418,                0.55866,                 1.0126,                  0.964,                0.89875,                0.93207,                  0.647,                 1.0072,                0.47938,                 1.0532,              0.0051985,              0.0051985,              0.0051985
                     99,                0.92617,                0.54313,                 1.0103,                 0.9608,                0.90215,                0.93014,                0.64624,                 1.0087,                0.47961,                  1.054,               0.005149,               0.005149,               0.005149
                    100,                 0.9365,                0.57603,                 1.0122,                0.96046,                0.90129,                0.92956,                0.64603,                 1.0099,                0.48048,                 1.0558,              0.0050995,              0.0050995,              0.0050995
                    101,                0.93666,                0.55661,                 1.0155,                0.96114,                0.89986,                0.93136,                0.64709,                   1.01,                0.48367,                 1.0558,                0.00505,                0.00505,                0.00505
                    102,                0.92047,                0.54489,                 1.0123,                0.96052,                0.90253,                0.93089,                0.64842,                 1.0091,                0.48208,                 1.0553,              0.0050005,              0.0050005,              0.0050005
                    103,                 0.9082,                 0.5367,                 1.0039,                 0.9594,                0.90053,                0.93109,                0.64894,                 1.0107,                0.48393,                 1.0564,               0.004951,               0.004951,               0.004951
                    104,                0.91503,                0.56488,                 1.0159,                0.95925,                0.90205,                0.93205,                0.64897,                  1.009,                0.48194,                 1.0542,              0.0049015,              0.0049015,              0.0049015
                    105,                0.90938,                0.52889,                 1.0018,                0.96683,                0.89241,                0.93105,                0.64764,                 1.0089,                0.47961,                 1.0524,               0.004852,               0.004852,               0.004852
                    106,                0.90522,                0.53001,                0.99982,                0.96595,                0.89298,                 0.9302,                0.64794,                 1.0097,                0.47928,                 1.0526,              0.0048025,              0.0048025,              0.0048025
                    107,                 0.9001,                0.53121,                  1.004,                0.95803,                0.90103,                0.93183,                0.64926,                 1.0116,                0.47887,                 1.0541,               0.004753,               0.004753,               0.004753
                    108,                0.90457,                0.53698,                0.99929,                0.95579,                0.90124,                0.93108,                0.65062,                 1.0118,                0.47858,                  1.055,              0.0047035,              0.0047035,              0.0047035
                    109,                0.89671,                0.52882,                0.99883,                0.96561,                0.89298,                0.93099,                0.65043,                 1.0107,                0.47849,                  1.055,               0.004654,               0.004654,               0.004654
                    110,                0.89849,                0.52604,                0.99598,                0.95998,                0.89802,                0.93083,                0.65108,                 1.0116,                0.47997,                 1.0567,              0.0046045,              0.0046045,              0.0046045
                    111,                0.88903,                0.51853,                0.99432,                0.96419,                0.89402,                0.93154,                0.64948,                  1.012,                0.47971,                 1.0565,               0.004555,               0.004555,               0.004555
                    112,                0.88783,                 0.5158,                0.99109,                0.95915,                0.90073,                0.93172,                0.65151,                 1.0115,                0.47973,                 1.0556,              0.0045055,              0.0045055,              0.0045055
                    113,                0.88286,                0.50502,                 0.9906,                0.95594,                0.90261,                0.93229,                0.65134,                 1.0105,                  0.479,                 1.0565,               0.004456,               0.004456,               0.004456
                    114,                0.88919,                0.51307,                0.99956,                0.95907,                0.90053,                0.93286,                0.65176,                 1.0117,                0.47758,                 1.0571,              0.0044065,              0.0044065,              0.0044065
                    115,                0.87937,                0.51228,                0.98857,                0.95813,                0.90272,                0.93011,                 0.6511,                 1.0126,                 0.4759,                 1.0569,               0.004357,               0.004357,               0.004357
                    116,                0.88774,                 0.5164,                0.99441,                0.95692,                0.90114,                0.93042,                0.65142,                  1.012,                0.47568,                 1.0556,              0.0043075,              0.0043075,              0.0043075
                    117,                 0.8629,                0.50822,                0.98708,                0.96586,                0.89604,                0.93113,                0.65121,                 1.0124,                 0.4746,                 1.0558,               0.004258,               0.004258,               0.004258
                    118,                0.87589,                0.51128,                0.98311,                0.96894,                0.89306,                0.93049,                0.65104,                 1.0119,                0.47529,                 1.0557,              0.0042085,              0.0042085,              0.0042085
                    119,                0.87704,                0.51355,                0.99164,                0.96546,                0.89465,                0.92873,                0.65035,                 1.0124,                0.47417,                 1.0555,               0.004159,               0.004159,               0.004159
                    120,                0.85829,                 0.4997,                0.98205,                0.96963,                0.89503,                0.93027,                0.65073,                  1.011,                0.47362,                 1.0552,              0.0041095,              0.0041095,              0.0041095
                    121,                0.86282,                0.49894,                0.97844,                0.97074,                0.89333,                0.92918,                0.64966,                 1.0091,                0.47214,                 1.0536,                0.00406,                0.00406,                0.00406
                    122,                0.86235,                0.49247,                0.97993,                0.95664,                0.90406,                0.92982,                0.65079,                  1.009,                0.47303,                  1.053,              0.0040105,              0.0040105,              0.0040105
                    123,                0.86947,                 0.4987,                 0.9851,                0.95947,                0.90556,                0.93146,                 0.6512,                 1.0091,                0.47333,                 1.0536,               0.003961,               0.003961,               0.003961
                    124,                0.86164,                0.49589,                0.97928,                0.96196,                0.90459,                0.93191,                 0.6508,                 1.0106,                 0.4721,                  1.055,              0.0039115,              0.0039115,              0.0039115
                    125,                0.85773,                0.49225,                0.97429,                0.96188,                0.90353,                0.93227,                 0.6512,                 1.0115,                 0.4729,                 1.0559,               0.003862,               0.003862,               0.003862
                    126,                0.85307,                0.49218,                0.98027,                0.96281,                0.90257,                 0.9326,                0.65219,                 1.0119,                0.47157,                 1.0558,              0.0038125,              0.0038125,              0.0038125
                    127,                0.86429,                0.49746,                 0.9772,                0.96359,                0.89946,                0.93119,                 0.6514,                 1.0129,                0.47154,                 1.0564,               0.003763,               0.003763,               0.003763
                    128,                0.83822,                0.48187,                0.97033,                 0.9668,                0.89926,                0.93222,                0.65156,                 1.0134,                0.47163,                 1.0563,              0.0037135,              0.0037135,              0.0037135
                    129,                  0.841,                0.48674,                0.96895,                0.96348,                0.90231,                0.93231,                0.65134,                 1.0132,                0.47131,                 1.0562,               0.003664,               0.003664,               0.003664
                    130,                0.84968,                0.48716,                 0.9792,                0.96704,                0.89703,                0.93195,                0.65209,                 1.0129,                0.47093,                 1.0556,              0.0036145,              0.0036145,              0.0036145
                    131,                0.83703,                0.48738,                0.97238,                 0.9638,                0.90104,                0.93213,                0.65276,                 1.0131,                0.47113,                 1.0558,               0.003565,               0.003565,               0.003565
                    132,                0.83465,                0.47842,                0.96601,                0.96463,                0.90104,                0.93227,                0.65247,                 1.0132,                0.47117,                 1.0554,              0.0035155,              0.0035155,              0.0035155
                    133,                0.83535,                0.47479,                0.97049,                0.96398,                0.90155,                0.93184,                0.65256,                 1.0134,                0.47146,                 1.0552,               0.003466,               0.003466,               0.003466
                    134,                 0.8361,                0.48944,                0.97356,                0.96359,                0.90055,                0.93137,                0.65204,                 1.0136,                 0.4717,                 1.0555,              0.0034165,              0.0034165,              0.0034165
                    135,                0.81826,                0.46665,                0.96681,                0.96253,                0.90141,                0.93074,                0.65249,                  1.014,                0.47208,                 1.0556,               0.003367,               0.003367,               0.003367
                    136,                  0.819,                0.46514,                0.96959,                0.96199,                0.90074,                0.93037,                0.65249,                 1.0143,                0.47234,                 1.0553,              0.0033175,              0.0033175,              0.0033175
                    137,                0.82153,                0.47411,                0.96422,                0.96251,                 0.9015,                0.93042,                0.65255,                 1.0144,                0.47341,                 1.0551,               0.003268,               0.003268,               0.003268
                    138,                0.81475,                0.45726,                0.96471,                0.96192,                0.90173,                0.93119,                0.65222,                 1.0146,                0.47328,                  1.055,              0.0032185,              0.0032185,              0.0032185
                    139,                0.81724,                0.46411,                0.96353,                 0.9621,                0.90108,                 0.9313,                0.65219,                 1.0158,                 0.4733,                  1.056,               0.003169,               0.003169,               0.003169
                    140,                0.80869,                0.45864,                0.96465,                0.96018,                0.90207,                 0.9312,                0.65236,                 1.0158,                0.47345,                 1.0562,              0.0031195,              0.0031195,              0.0031195
                    141,                0.80401,                0.45907,                  0.962,                0.96164,                0.90159,                0.93141,                0.65204,                 1.0157,                 0.4721,                  1.056,                0.00307,                0.00307,                0.00307
                    142,                0.80603,                0.46214,                0.96013,                0.96247,                0.90057,                0.93122,                0.65258,                 1.0153,                0.47222,                 1.0556,              0.0030205,              0.0030205,              0.0030205
                    143,                0.80211,                0.44754,                0.95872,                0.96337,                0.90079,                 0.9306,                0.65286,                 1.0145,                0.47209,                  1.055,               0.002971,               0.002971,               0.002971
                    144,                0.79243,                0.44772,                0.95322,                0.96461,                0.89983,                 0.9307,                0.65322,                 1.0143,                0.47173,                 1.0545,              0.0029215,              0.0029215,              0.0029215
                    145,                0.79229,                0.44513,                0.95477,                0.96381,                0.89906,                0.93065,                0.65338,                 1.0139,                0.47135,                 1.0545,               0.002872,               0.002872,               0.002872
                    146,                0.79973,                0.44753,                0.95645,                0.96406,                0.89956,                0.93074,                 0.6533,                 1.0144,                0.47196,                 1.0548,              0.0028225,              0.0028225,              0.0028225
                    147,                0.79082,                 0.4477,                0.95373,                0.96374,                0.89994,                0.93073,                 0.6535,                 1.0144,                0.47218,                 1.0544,               0.002773,               0.002773,               0.002773
                    148,                0.79868,                0.45843,                0.95376,                0.96329,                0.89956,                0.93067,                0.65291,                 1.0147,                0.47249,                 1.0545,              0.0027235,              0.0027235,              0.0027235
                    149,                0.78481,                0.44296,                0.94951,                0.96313,                0.89841,                 0.9303,                0.65286,                 1.0149,                 0.4725,                 1.0544,               0.002674,               0.002674,               0.002674
                    150,                0.78148,                0.44133,                0.94907,                0.96257,                0.89861,                0.93031,                0.65298,                 1.0152,                0.47235,                 1.0547,              0.0026245,              0.0026245,              0.0026245
                    151,                0.78212,                0.44584,                0.95471,                0.96371,                0.89804,                0.93039,                0.65331,                 1.0157,                0.47207,                 1.0548,               0.002575,               0.002575,               0.002575
                    152,                0.78531,                0.44751,                0.96012,                0.96405,                0.89804,                0.93038,                0.65355,                 1.0163,                0.47187,                 1.0552,              0.0025255,              0.0025255,              0.0025255
                    153,                0.77921,                0.43446,                0.94609,                0.96216,                0.89855,                 0.9304,                0.65298,                 1.0163,                0.47222,                 1.0553,               0.002476,               0.002476,               0.002476
                    154,                0.78001,                0.43427,                0.94948,                0.96265,                0.89831,                0.93032,                0.65312,                 1.0163,                0.47201,                 1.0552,              0.0024265,              0.0024265,              0.0024265
                    155,                0.76448,                0.43255,                0.94558,                0.96328,                0.89855,                0.93031,                0.65372,                 1.0166,                0.47188,                 1.0554,               0.002377,               0.002377,               0.002377
                    156,                0.76115,                0.42814,                0.94576,                0.96359,                0.89804,                0.93034,                0.65346,                  1.017,                 0.4726,                 1.0555,              0.0023275,              0.0023275,              0.0023275
                    157,                0.75772,                0.42809,                0.94119,                0.96381,                0.89804,                0.93038,                0.65359,                 1.0162,                0.47295,                 1.0552,               0.002278,               0.002278,               0.002278
                    158,                0.75145,                0.42369,                0.94343,                0.96367,                0.89804,                0.93048,                0.65376,                 1.0168,                0.47242,                 1.0552,              0.0022285,              0.0022285,              0.0022285
                    159,                0.75335,                0.42279,                0.93956,                0.96384,                0.89823,                0.93056,                0.65402,                 1.0172,                0.47291,                  1.055,               0.002179,               0.002179,               0.002179
                    160,                0.75695,                0.42432,                0.93704,                0.96376,                0.89849,                0.93078,                0.65405,                 1.0166,                0.47299,                 1.0545,              0.0021295,              0.0021295,              0.0021295
                    161,                0.74769,                  0.423,                0.94294,                0.96376,                0.89852,                  0.931,                  0.654,                 1.0165,                0.47289,                 1.0543,                0.00208,                0.00208,                0.00208
                    162,                0.74863,                0.42192,                0.94449,                0.96271,                0.89801,                0.93069,                 0.6549,                 1.0168,                0.47375,                 1.0545,              0.0020305,              0.0020305,              0.0020305
                    163,                0.74656,                0.42034,                0.93826,                0.96329,                0.89833,                0.93109,                0.65393,                 1.0171,                0.47311,                 1.0545,               0.001981,               0.001981,               0.001981
                    164,                0.74194,                0.41663,                0.93615,                0.96331,                0.89861,                0.93116,                0.65387,                  1.017,                0.47298,                 1.0543,              0.0019315,              0.0019315,              0.0019315
                    165,                0.73938,                0.41846,                0.93885,                0.96283,                0.89855,                  0.931,                0.65332,                 1.0168,                 0.4729,                 1.0543,               0.001882,               0.001882,               0.001882
                    166,                0.74565,                0.41021,                0.93538,                0.96341,                0.89758,                0.93099,                0.65311,                 1.0168,                 0.4726,                 1.0543,              0.0018325,              0.0018325,              0.0018325
                    167,                 0.7377,                0.43834,                0.94754,                0.96396,                0.89734,                0.93084,                0.65321,                 1.0166,                 0.4728,                 1.0541,               0.001783,               0.001783,               0.001783
                    168,                0.73067,                0.41459,                0.93695,                  0.966,                0.89827,                0.93152,                0.65327,                 1.0171,                 0.4727,                 1.0545,              0.0017335,              0.0017335,              0.0017335
                    169,                0.72313,                0.40468,                0.93087,                0.96526,                0.89783,                0.93075,                0.65354,                 1.0167,                 0.4727,                 1.0541,               0.001684,               0.001684,               0.001684
                    170,                0.72105,                0.40287,                0.93424,                0.96566,                0.89734,                0.93071,                0.65326,                 1.0168,                0.47307,                 1.0543,              0.0016345,              0.0016345,              0.0016345
                    171,                0.72565,                0.40872,                0.93839,                0.96593,                0.89754,                0.93109,                0.65321,                 1.0171,                0.47256,                 1.0544,               0.001585,               0.001585,               0.001585
                    172,                0.71209,                0.39297,                0.92976,                0.96518,                0.89754,                0.93079,                0.65325,                 1.0172,                0.47287,                 1.0546,              0.0015355,              0.0015355,              0.0015355
                    173,                0.72034,                0.40662,                0.93108,                0.96514,                0.89754,                0.93091,                0.65335,                 1.0177,                 0.4729,                 1.0549,               0.001486,               0.001486,               0.001486
                    174,                0.70939,                0.39836,                0.93248,                 0.9655,                0.89788,                0.93087,                0.65334,                 1.0177,                0.47291,                 1.0549,              0.0014365,              0.0014365,              0.0014365
                    175,                0.70712,                0.39777,                0.92929,                0.96548,                0.89787,                0.93093,                0.65274,                 1.0172,                0.47297,                 1.0547,               0.001387,               0.001387,               0.001387
                    176,                0.70432,                0.39139,                0.92462,                0.96604,                0.89843,                0.93177,                0.65273,                 1.0175,                0.47325,                 1.0548,              0.0013375,              0.0013375,              0.0013375
                    177,                0.70583,                0.39077,                0.92809,                0.96674,                0.89881,                0.93186,                0.65266,                 1.0179,                0.47347,                 1.0551,               0.001288,               0.001288,               0.001288
                    178,                 0.7007,                0.38691,                0.92565,                0.96598,                0.89852,                0.93198,                0.65335,                 1.0178,                0.47396,                 1.0552,              0.0012385,              0.0012385,              0.0012385
                    179,                 0.7033,                0.39317,                0.92705,                0.96605,                0.89893,                0.93194,                0.65299,                  1.018,                0.47438,                 1.0557,               0.001189,               0.001189,               0.001189
                    180,                0.68804,                0.38451,                0.91933,                  0.966,                0.89901,                 0.9319,                0.65333,                 1.0185,                 0.4748,                 1.0563,              0.0011395,              0.0011395,              0.0011395
                    181,                0.68865,                0.38854,                0.92141,                0.96599,                0.89901,                0.93211,                0.65391,                 1.0184,                0.47563,                 1.0563,                0.00109,                0.00109,                0.00109
                    182,                0.69397,                0.38207,                0.92245,                0.96599,                0.89901,                0.93185,                0.65356,                 1.0184,                0.47541,                 1.0567,              0.0010405,              0.0010405,              0.0010405
                    183,                0.69005,                0.38511,                0.92173,                0.96708,                0.89959,                 0.9323,                0.65351,                 1.0186,                0.47593,                 1.0568,               0.000991,               0.000991,               0.000991
                    184,                 0.6797,                0.37506,                0.91495,                0.96719,                0.89963,                 0.9323,                0.65359,                  1.019,                0.47668,                 1.0573,              0.0009415,              0.0009415,              0.0009415
                    185,                0.67964,                0.37866,                0.91964,                0.96718,                0.89958,                0.93227,                0.65366,                 1.0196,                0.47673,                 1.0574,               0.000892,               0.000892,               0.000892
                    186,                0.68424,                0.37899,                0.91958,                0.96718,                0.89959,                0.93184,                0.65341,                 1.0198,                0.47702,                 1.0578,              0.0008425,              0.0008425,              0.0008425
                    187,                0.67922,                0.37105,                0.91464,                0.96717,                0.89924,                0.93188,                0.65352,                 1.0199,                0.47818,                 1.0582,               0.000793,               0.000793,               0.000793
                    188,                0.67578,                0.37306,                0.91649,                0.96774,                0.89997,                0.93228,                0.65385,                 1.0203,                0.47886,                 1.0583,              0.0007435,              0.0007435,              0.0007435
                    189,                0.67831,                0.39117,                0.91807,                0.96656,                0.90172,                0.93247,                0.65348,                 1.0204,                0.47891,                 1.0585,               0.000694,               0.000694,               0.000694
                    190,                0.67759,                0.38425,                0.91943,                0.96678,                0.90056,                 0.9322,                0.65333,                 1.0203,                 0.4788,                 1.0586,              0.0006445,              0.0006445,              0.0006445
                    191,                0.65073,                0.32079,                0.88151,                0.96669,                 0.9008,                0.93234,                 0.6536,                 1.0204,                0.47969,                 1.0589,               0.000595,               0.000595,               0.000595
                    192,                0.62763,                 0.3084,                0.87556,                0.96623,                0.90055,                0.93225,                 0.6533,                 1.0209,                0.48037,                 1.0594,              0.0005455,              0.0005455,              0.0005455
                    193,                0.62721,                0.30742,                0.87436,                0.96722,                0.90055,                0.93227,                0.65414,                 1.0206,                0.48074,                 1.0593,               0.000496,               0.000496,               0.000496
                    194,                0.62985,                0.31493,                0.87348,                0.96738,                0.90005,                0.93235,                0.65338,                  1.021,                0.48067,                 1.0597,              0.0004465,              0.0004465,              0.0004465
                    195,                0.61853,                0.30415,                0.86913,                0.96715,                0.90019,                0.93233,                0.65349,                 1.0208,                0.48084,                 1.0598,               0.000397,               0.000397,               0.000397
                    196,                0.60444,                0.29763,                0.86405,                0.96698,                0.90052,                0.93267,                0.65396,                 1.0209,                0.48104,                   1.06,              0.0003475,              0.0003475,              0.0003475
                    197,                0.61194,                0.29911,                0.86647,                0.96717,                0.90025,                0.93252,                0.65422,                 1.0211,                0.48141,                 1.0602,               0.000298,               0.000298,               0.000298
                    198,                0.60588,                 0.2979,                0.86843,                0.96769,                0.90019,                0.93252,                0.65413,                 1.0212,                0.48158,                 1.0604,              0.0002485,              0.0002485,              0.0002485
                    199,                0.60312,                0.29567,                0.86264,                0.96767,                0.90024,                 0.9325,                0.65398,                 1.0214,                0.48221,                  1.061,               0.000199,               0.000199,               0.000199
                    200,                0.61276,                0.30344,                0.86778,                0.96854,                0.89853,                0.93199,                0.65397,                 1.0217,                0.48244,                 1.0612,              0.0001495,              0.0001495,              0.0001495
